{
    "r2_train": 0.9836439908009597,
    "r2_test": 0.9094411470818776
}